Nom;SIREN;Section;Code_NAF;Type;SIRET;Adresse;Code_Postal;Commune_INSEE;CA_EUR;CA_Annee;Resultat_Net_EUR;RN_Annee;Email;Site_Web
CHIRRIPO;435062294;C;18.13Z;Siège;43506229400051;337 RUE CHARLES NUNGESSER;34130;34154;6594230;2023;240898;2023
BIT GROUP FRANCE;442412029;C;26.51B;Établissement;44241202900054;195 AVENUE MARGOT DUHALDE;34130;34154;17276121;2024;711050;2024
WEDIA;433103595;J;58.29C;Établissement;43310359500032;50 RUE FRANCOIS COLI;34130;34154;9854307;2021;987654;2021
OLIFAN COURTAGE;485372247;K;66.22Z;Établissement;48537224700232;ZAC FREJORGUES EST 201 RUE DE LA JASSE;34130;34154;17857573;2023;1485710;2023
INOVEA EPARGNE;831870522;K;66.22Z;Siège;83187052200024;AEROPORT MONTPELLIER MEDITERRANEE AV MARGOT DUHALDE;34130;34154;11780076;2023;362957;2023;conformite@inovea-group.com;https://www.inovea-group.com
INOVEA FINANCE;831923883;K;66.19B;Siège;83192388300027;AEROPORT MONTPELLIER MEDITERRANEE AV MARGOT DUHALDE;34130;34154;19270285;2023;249031;2023;;https://www.inovea-group.com
INOVEA;830892220;K;64.20Z;Siège;83089222000021;AEROPORT MONTPELLIER MEDITERRANEE AV MARGOT DUHALDE;34130;34154;5442845;2023;1027941;2023;;https://www.inovea-group.com
FRANCHI DOM';492442215;K;64.20Z;Siège;49244221500025;IMMEUBLE LE TRIDENT - ZONE FREJORGUES O 1115 RUE HELENE BOUCHER;34130;34154;5983856;2024;695278;2024
MONTROUGE AUBER;790197511;L;68.10Z;Siège;79019751100021;BATIMENT L'EQUATION 370 RUE ETIENNE LENOIR;34130;34154;5900000;2023;2019802;2023
AUDIT FINANCE EXPERT;383909769;M;69.20Z;Établissement;38390976900259;ZONE LA LOUVADE CHEMIN DE BAILLARGUES 45 RUE MERLOT;34130;34154;13491546;2024;4959202;2024
DETERMINANT FRANCE;499870715;M;71.12B;Établissement;49987071500244;ZONE FREJORGUES OUEST LE DELTA 51 RUE CHARLES NUNGESSER;34130;34154;8484517;2020;196579;2020
TERREFORT;430229112;M;71.12B;Établissement;43022911200080;6 RUE CHARLES NUNGESSER;34130;34154;6339603;2023;80564;2023
QUALITAT EXPERTISES;453215303;M;71.12B;Établissement;45321530300083;RDC 429 RUE CHARLES NUNGESSER;34130;34154;7954372;2023;102628;2023
IN EXTENSO LANGUEDOC ROUSSILLON;415093962;M;69.20Z;Siège;41509396200074;BATIMENT L'EQUATION 370 RUE ETIENNE LENOIR;34130;34154;7073534;2023;548159;2023;;https://www.inextenso.fr
GROUPEMENT INTERACTIF DES METIERS DE NETTOYAGE ET DE SERVICES;422908145;N;81.21Z;Établissement;42290814500044;RES LE MEDITERRANEE;34130;34154;12202757;2023;1054161;2023
IGREC;389691429;N;82.91Z;Établissement;38969142900044;ZONE DE FREJORGUES EST 95 RUE DU RAJOL;34130;34154;6139339;2023;484186;2023
GLORY LEASE;829050533;N;77.39Z;Siège;82905053300035;ESPACE FREJORGUES OUEST 142 RUE HENRI FABRE;34130;34154;5789064;2023;242023;2023;;https://www.glorylease.fr
SICA LES VERGERS DE MAUGUIO;464800929;G;46.31Z;Établissement;46480092900026;ROUTE DE BAILLARGUES;34130;34154;19965316;2023;101227;2023
CESI SAS;342707502;P;85.59A;Établissement;34270750200692;IMMEUBLE LE QUATRIEME AEROPORT M MEDITERRANEE;34130;34154;15319057;2023;2116539;2023
KEYCE ACADEMY - COLLEGE DE PARIS;518729132;P;85.59A;Établissement;51872913200085;96 RUE ICARE;34130;34154;19680331;2024;1900582;2024
SYNLAB MIDI;450376603;Q;86.90B;Établissement;45037660300103;320 GRAND RUE FRANCOIS MITTERRAND;34130;34154;7376635;2023;32358961;2023
BARASCUD CHEMINEES;408963320;G;47.59B;Établissement;40896332000077;600 RUE HELENE BOUCHER;34130;34154;9413218;2023;1396468;2023
NICOTECH;534515242;G;47.78C;Établissement;53451524200079;ZONE ACTIVITE FREJORGUES OUEST 135 RUE ROLAND GARROS;34130;34154;6553762;2023;590456;2023
LARGIER TECHNOLOGIE;402200562;F;43.22A;Établissement;40220056200112;90 RUE LEON MORANE;34130;34154;17898546;2023;119169;2023
GAZ SERVICE;680200193;F;43.22B;Établissement;68020019300117;ESPACE COMMERCIAL FREJORGUES OUEST 181 RUE SAINT EXUPERY;34130;34154;6993012;2023;428468;2023
P.B.C. (PATRICK BASSO CONSEIL) SAS;793206715;F;71.12B;Établissement;79320671500039;404 RUE SAINT EXUPERY;34130;34154;6201350;2024;386183;2024
TEMPERIA MEDITERRANEE;316592278;F;43.22B;Siège;31659227800014;VAUGUIERES LE BAS;34130;34154;16862432;2024;854116;2024;;
SOCIETE AUDOISE DE VEHICULES INDUSTRIELS ET DE MANUTENTION;651950024;G;46.62Z;Établissement;65195002400141;ZA FREJORGUES-EST 78 RUE DE LA JASSE;34130;34154;16340014;2023;612670;2023
SEGURET DISTRIBUTION;393132154;G;46.49Z;Siège;39313215400021;ESP COMMERCIAL FREJORGUES 26 RUE ROLAND GARROS;34130;34154;12982206;2023;567588;2023;info@seguret-decoration.fr;https://www.seguret-decoration.fr
OCTIKA;435245170;G;46.43Z;Siège;43524517000012;121 RUE GEORGES GUYNEMER;34130;34154;12381245;2024;2689219;2024;contact@octika.com;https://www.octika.com
STEF TRANSPORT MONTPELLIER;449151943;H;49.41A;Siège;44915194300049;1201 AVENUE MARGOT DUHALDE;34130;34154;14622103;2023;449190;2023;;https://www.stef.com/france/nous-connaitre/nos-implantations/transport-frigorifique-et-logistique-alimentaire-montpellier
SOFRADAM;403527708;F;43.33Z;Siège;40352770800099;335 RUE ETIENNE LENOIR;34130;34154;13789464;2022;286765;2022;;
AGENCE RAPID'TRANSPORTS SARL;443939848;H;49.41B;Siège;44393984800034;207 RUE GEORGES GUYNEMER;34130;34154;6817627;2023;528730;2023;;https://www.rapidtransports.fr
RUBIES FRANCE;399083583;G;46.49Z;Établissement;39908358300076;LE MAS DES CAVALIERS 130 RUE FRANCOIS COLI;34130;34154;15647072;2023;211480;2023
L.B.S.;692680408;G;52.10B;Établissement;69268040800097;LOTISSEMENT FREJORGUES EST II RUE DU SALAISON;34130;34154;7671857;2023;1054034;2023
VAUGLIO;953110012;G;46.39B;Siège;95311001200010;204 RUE DU NEGUE CAT;34130;34154;12847481;2023;493748;2023;;
G4 SOURCING;523584563;G;46.52Z;Siège;52358456300044;LES ATELIERS DE LA LOUVADE LOT 3 101 CHEMIN DES PECHERS;34130;34154;8799487;2023;55080;2023;;https://www.g4sourcing.com
SA BONDON;327730495;F;42.22Z;Établissement;32773049500022;ESPACE CIAL FREJORGUES 66 RUE HELENE BOUCHER;34130;34154;6982434;2023;464311;2023
ENTREPRISE RUAS MICHEL;730201183;E;36.00Z;Siège;73020118300268;ZAC LES PORTES DE L'AEROPORT PARC PIOM 562 RUE DU RAJOL;34130;34154;19615085;2024;-1218017;2024;;
ACTEM'OTEL;513900688;I;55.10Z;Siège;51390068800013;ZAC SAINT ANTOINE 25 RUE DE LA GARRIGUETTE;34130;34240;13772877;2023;752576;2023;;https://actemotel.com
COL DE FERRIERE;753995828;D;35.11Z;Siège;75399582800088;ZONE D'ACTIVITES DU BOSC 16 RUE DES VERGERS;34130;34176;5658313;2024;192069;2024
TRANSMANUDEM;413781956;H;49.41B;Siège;41378195600011;ROUTE DE MAUGUIO;34130;34127;5330730;2023;477135;2023;;https://transmanudem-montpellier.fr
CAFES BIBAL TORREFACTEUR;519017024;C;10.83Z;Siège;51901702400026;ECOPARC 236 RUE DE LA SARRIETTE;34130;34240;8769365;2024;282943;2024;;https://cafes-bibal.fr
L OR AMENAGEMENT;378358733;F;41.10C;Siège;37835873300046;43 BOULEVARD D’ESTIENNE D’ORVES;34130;34154;10958602;2022;-751;2022;;
BREGUIBOUL DISTRIBUTION;353358252;G;46.34Z;Siège;35335825200040;429 AVENUE DES ROMARINS;34130;34240;19137258;2024;909548;2024;contact@breguiboul-distrib.com;https://www.breguiboul-distrib.com
ENERGYS;479737926;F;43.22B;Siège;47973792600044;CAMPUS DU GOLF BATIMENT 11 8 RUE DES VERGERS;34130;34176;15157609;2024;300008;2024;;
SICA LES VERGERS DE MAUGUIO;464800929;G;46.31Z;Siège;46480092900034;ZA DU BOSC 1 B RUE DE LA GARRIGUE;34130;34176;19965316;2023;101227;2023;;
DEDIENNE SANTE;339138638;C;32.50A;Siège;33913863800038;217 RUE CHARLES NUNGESSER;34130;34154;16861122;2022;-1705151;2022;;https://www.dediennesante.com
HERAULT TELECOM;501304299;J;61.10Z;Siège;50130429900024;ZAC SAINT ANTOINE 266 RUE DE LA GARRIGUETTE;34130;34240;11407816;2024;1604976;2024;;
SAINT AUNES SPORT DIFFUSION;503944043;G;47.64Z;Siège;50394404300028;ZAC SAINT ANTOINE RN 113;34130;34240;8584793;2023;303715;2023;;
CID PLASTIQUES;351435011;C;22.21Z;Siège;35143501100033;ZAC LES JASSES 150 RUE DE L’OLIVERAIE;34130;34321;8543217;2024;87040;2024;;https://www.cid-plastiques.fr
FREDERIC DUFFAU;750903809;G;46.39B;Siège;75090380900036;LOT FREJORGUES EST II RUE DU SALAISON;34130;34154;5462195;2023;190086;2023
LABORATOIRE D'AROMATHERAPIE DE PHYTOTHERAPIE ET D'HERBORISTERIE TRADITIONNELLE - PHYTOFRANCE;334766490;C;10.89Z;Siège;33476649000026;GASTADE PORTE 2 RTE DEPARTEMENTALE 106;34130;34050;5724074;2023;3389;2023;;https://www.phytofrance.com
AIRWAYS AVIATION ACADEMY;878351642;P;85.59A;Siège;87835164200029;ANEE AEROPORT M MEDITERRANEE;34130;34154;7064672;2023;13945;2023;info@airwaysaviation.com;https://www.esma.fr
KING MEMPHIS;523520161;K;64.20Z;Siège;52352016100044;ECOPARC 194 AVENUE DES ROMARINS;34130;34240;15645000;2019;1391000;2019
DEFISOLAR;809045933;M;74.90B;Siège;80904593300011;LE SAINT ANTOINE 625 AVENUE DE LA SALADELLE;34130;34240;9833437;2023;1100704;2023
ESMA;794890665;P;85.32Z;Siège;79489066500019;AEROPORT INTERNATIONAL DE MONTPELLIER FREJORGUES;34130;34154;6013754;2017;-3324011;2017;info@airwaysaviation.com;https://www.esma.fr
REPUBLIK DEMOCRATIK;883782443;M;73.11Z;Siège;88378244300013;38 RUE DES VANNEAUX;34130;34050;12505000;2021;3251000;2021
